source_filename,title,suno_id,proposed_import_filename,sha256,size_bytes,duration_seconds
"01 - Final Form Frenzy - dc68b53c.mp3","Final Form Frenzy","dc68b53c-03e3-4775-8495-1af8c3261260","bgm_final_form_frenzy_dc68b53c.mp3","8cd5a7e4bd01610a5e78d6f668de9bf46e084787e95a86112bbe2299ddf55658","3741203","169.632"
"02 - Final Form Frenzy - 5852d464.mp3","Final Form Frenzy","5852d464-b572-43d9-b941-797ddba125a5","bgm_final_form_frenzy_5852d464.mp3","af100ac8a1a2e3ad205a2b8ff2d725dad22fb700235984f5074ad2290ece1a01","3765341","170.04"
"03 - Starscream Circuit - 5e4252be.mp3","Starscream Circuit","5e4252be-3ab3-44aa-9c37-33b2a04080c1","bgm_starscream_circuit_5e4252be.mp3","9e575335428a85126cf3452c07048e6500ddeb47abf16a704934a6233ab1e2ab","3365522","145.92"
"04 - Starscream Circuit - 8a3459c1.mp3","Starscream Circuit","8a3459c1-e4b0-498b-9474-ef5b42fcdffe","bgm_starscream_circuit_8a3459c1.mp3","5cd6e7183c88512b225af2b94cdd26ff7ea455b7ed569bf99bef9e8d3e54b80d","4052303","179.832"
"05 - Machine Possessed - a7b92c04.mp3","Machine Possessed","a7b92c04-2683-4a8d-8a96-b3347be864b7","bgm_machine_possessed_a7b92c04.mp3","18e082828ec441b2482d59750021e8c1bb6eaf281df7892b957615e3ee3643a4","3418099","146.76"
"06 - Machine Possessed - de2c810c.mp3","Machine Possessed","de2c810c-3130-493c-a3c0-19b82bd4646a","bgm_machine_possessed_de2c810c.mp3","5f60aa1880aea01925c86414f07e5f7e8ab5ef8ed61adf2fe8cc42cc28afded9","3614721","158.112"
"07 - Neon Catastrophe - a93065bc.mp3","Neon Catastrophe","a93065bc-4f4e-4ac0-aca6-19ef12fe4621","bgm_neon_catastrophe_a93065bc.mp3","a5ee9300621189b90da171503c5b630185fd7dd0aeb72553909d1894cd2d36b5","3604264","156.0"
"08 - Neon Catastrophe - d5301ec2.mp3","Neon Catastrophe","d5301ec2-9c76-4e8e-84b6-57112ee25b4e","bgm_neon_catastrophe_d5301ec2.mp3","d4d9ad2a380be928c881ad7cb1ac0c050b240f4562e6d479cf7301c22f01aa93","3498017","154.032"
"09 - Redline Dynamo - a1d96322.mp3","Redline Dynamo","a1d96322-efe0-46ff-bbbc-a0f3effe7a13","bgm_redline_dynamo_a1d96322.mp3","44c781a4ec41f3b7c7e92d2df88bcf0f9fd27020968b5f04fe6bc7bfda27dcc7","3539354","157.584"
"10 - Redline Dynamo - 4d772171.mp3","Redline Dynamo","4d772171-3ff3-48e7-99e1-2ee405d8c896","bgm_redline_dynamo_4d772171.mp3","fd8263866f613f4200105aed47db4c71f4a4eabf3fb172c01d1fca98da644edb","4292399","186.744"
"11 - Copper Tempest - e34cad40.mp3","Copper Tempest","e34cad40-c4ad-47d2-8b59-281687789ad8","bgm_copper_tempest_e34cad40.mp3","126970af6931d3758fcdd3747b13c33b20ec8c69158f983c2005c4be24f5f59c","3777817","164.832"
"12 - Copper Tempest - 96bfbd67.mp3","Copper Tempest","96bfbd67-274b-4bc6-99cf-b2a9d0a2d725","bgm_copper_tempest_96bfbd67.mp3","28de192340299ad19910485da5ab4610d57410f4c96381df895783711af1f04c","3301586","139.632"
"13 - The Quench - dfaca818.mp3","The Quench","dfaca818-d6e2-40da-b303-1aab99d28170","bgm_the_quench_dfaca818.mp3","7994b4f9553a91b35960346c427a21c6bce6496ab95ca1716f1f6a43c6af8ce9","2604763","121.2"
"14 - The Quench - 4790c056.mp3","The Quench","4790c056-d5d6-4331-afc6-996994fb4530","bgm_the_quench_4790c056.mp3","aaa5e82300954e50d0f0f12ebd1d95ec0d62b52a5025c610682313cb325e1d28","3128641","138.24"
"15 - Pressure Valve - 05f93167.mp3","Pressure Valve","05f93167-3415-4b5d-afe7-19c1cc4ed0fc","bgm_pressure_valve_05f93167.mp3","4ef7479f8eb25a6408096f06aa5a200796b0184224a74aa0be1f685218f564a7","3701372","163.704"
"16 - Pressure Valve - ca4dad92.mp3","Pressure Valve","ca4dad92-c8d5-463b-bcda-cbf451312c49","bgm_pressure_valve_ca4dad92.mp3","684a1f3d3e961d5bc29879320961cd45ba66251938713193a60d108c42bbce34","3651925","161.232"
"17 - Forge Fever - 4460af28.mp3","Forge Fever","4460af28-3083-47b6-803d-54472be507b0","bgm_forge_fever_4460af28.mp3","7071dc099bef959129005e13bf59dbade1d2d4bb713bb474bc8e9af7d445131a","3549162","159.24"
"18 - Forge Fever - 696e405c.mp3","Forge Fever","696e405c-9d33-4a67-995d-e1fea4bab475","bgm_forge_fever_696e405c.mp3","110d9c029779f9e70bf5fbfaab17b45fb9c0bc614bff58884fc4276f0b6b0021","3671100","156.312"
"19 - Forge of the Hero - 662cd53d.mp3","Forge of the Hero","662cd53d-700a-4878-8433-8bd7d2f500c2","bgm_forge_of_the_hero_662cd53d.mp3","11bf6e4ce0c3a87926ffed1ef8ee7fdc1900fe27d90f6ff795e543ad69d73b27","3640459","159.984"
"20 - Forge of the Hero - 0e35d473.mp3","Forge of the Hero","0e35d473-09f0-45e8-9d32-991639e72551","bgm_forge_of_the_hero_0e35d473.mp3","06b39ac78640ee016de5943dd1f4662b01c2e249550126ac449602010f38be2e","3610510","159.624"

